Case,Cost,Time
Baseline,4.398825434114362e-12,0.4530472755432129
HighDensity,7.517131294486213e-12,0.24735260009765625
TightBound,4.331415018103531e-12,0.25217580795288086
